"","x","y","clase"
"1",8.33844645414501,64.2623806860918,1
"2",3.61983801936731,1.47665804656869,1
"3",6.26040465896949,35.2718418661893,1
"4",8.04623597767204,35.7878943834158,1
"5",6.19692877633497,3.57164191912699,1
"6",2.03247205354273,-28.407743706678,1
"7",4.55644806381315,-3.32860283072143,1
"8",6.8712131306529,31.8520495997418,1
"9",7.37267639022321,20.8275550534543,1
"10",6.66660718386993,13.7022835988129,1
"11",9.26974593661726,59.556441449652,1
"12",7.68213487230241,38.4880803827883,1
"13",3.8244644110091,-20.0158441794349,1
"14",9.08720615785569,62.5463252562986,1
"15",8.89974579913542,57.4777047688543,1
"16",0.119540276937187,-14.455295305732,1
"17",4.28776970831677,1.76395163878728,1
"18",4.02819975744933,10.1150116988081,1
"19",6.70141622191295,42.2444099166685,1
"20",8.68568007368594,41.9963057518466,1
"21",8.65175124956295,34.1719985027257,1
"22",8.106176732108,26.5134008538714,1
"23",7.566556064412,50.4106804747915,1
"24",3.16243648761883,-2.99589401837086,1
"25",8.00115642137825,47.1477680629363,1
"26",3.23811359936371,-13.6126308534334,1
"27",6.67459792690352,42.8887189202933,1
"28",5.34209967125207,26.8226092232993,1
"29",6.79596733534709,12.1097553985585,1
"30",8.09090993367136,39.2505728573553,1
"31",7.049844074063,41.3998251103291,1
"32",3.26697811018676,-13.5921209242517,1
"33",9.95779609773308,65.6368279047725,1
"34",2.11614575237036,-35.0605904894038,1
"35",0.330198551528156,-0.822413226686221,1
"36",6.00269822170958,32.8658566142157,1
"37",8.36794352158904,41.206250106245,1
"38",0.287288033869117,-7.97101702525715,1
"39",0.647717590909451,-32.3044116206921,1
"40",9.49938954785466,48.6331177634484,1
"41",5.06810986902565,1.37119178120716,1
"42",4.99861193588004,21.8808409234527,1
"43",1.23198662418872,-17.749463885947,1
"44",2.75604423135519,-11.0613941562148,1
"45",8.44687905628234,66.6710554975052,1
"46",2.55959772737697,5.88750176773407,1
"47",0.274639197159559,-15.7723912012639,1
"48",7.6801582169719,10.5891807892182,1
"49",6.04655341245234,-8.06532206387974,1
"50",4.87623193534091,-13.5696623353706,1
"51",8.83265045005828,76.9478288567064,1
"52",1.2265103450045,-40.9143951586749,1
"53",3.77215617336333,-20.9672665264589,1
"54",4.73346546292305,14.6112804205727,1
"55",1.92983996355906,-14.5351920009286,1
"56",0.830021139699966,-25.6683321225678,1
"57",1.11233902396634,-45.4603218373128,1
"58",5.67510483786464,15.2538039006679,1
"59",9.85527219483629,60.2878919048039,1
"60",8.95674202591181,64.011699050089,1
"61",9.20610325876623,49.1222505995756,1
"62",0.779550094157457,-34.7511797593719,1
"63",2.79808793216944,-40.477128723223,1
"64",4.92617902345955,-10.6301020874227,1
"65",9.63331254199147,70.3214791904139,1
"66",1.18972032563761,-42.5813812212373,1
"67",3.26519614318386,-27.986883566078,1
"68",4.65965121518821,-22.5760434183598,1
"69",4.93278953479603,-2.13664426082829,1
"70",9.70090423943475,90.1165118117667,1
"71",1.07743229484186,1.0475958088265,1
"72",2.21741640707478,-4.86290115744437,1
"73",9.31210356764495,53.4432165846208,1
"74",8.38891637278721,55.6499189029436,1
"75",8.72924489434808,59.0502134435823,1
"76",8.89334364328533,78.8544289212022,1
"77",4.99060465954244,-9.64344830085361,1
"78",5.87229734286666,13.9541132063531,1
"79",1.48672200273722,-6.73393257914188,1
"80",6.1335533275269,-5.91946379496227,1
"81",0.795909282751381,-20.4635279028668,1
"82",6.06119426200166,16.0825483337887,1
"83",6.61817060783505,33.1870781220124,1
"84",0.721924616955221,-3.05793724587221,1
"85",3.76555118942633,-24.2658251156771,1
"86",8.3222036040388,59.5322564229313,1
"87",2.00459924293682,-14.2440122953625,1
"88",3.51382619934157,-35.5798752195624,1
"89",9.69939385075122,51.5573477766951,1
"90",8.53189566871151,51.1297205739877,1
"91",2.99850891344249,-38.868059798803,1
"92",4.78810797445476,-8.37594207106126,1
"93",4.91856378037483,-6.78462459178413,1
"94",9.57361223641783,83.8888222767936,1
"95",2.06683328840882,-22.8366756190618,1
"96",0.0876739411614835,-35.0739925259639,1
"97",4.44698600331321,-10.9336025099738,1
"98",6.97559936204925,7.12456292273524,1
"99",7.89641789859161,31.4750511365245,1
"100",0.0352074950933456,-8.45323452894137,1
"101",5.94770754221827,-10.6952378067721,1
"102",4.66317840851843,-3.97953255587545,1
"103",7.63775648316368,9.41220042164169,1
"104",0.139832617715001,-27.641333491325,1
"105",8.32397769670933,63.2913764919731,1
"106",9.1066893027164,76.5257284953625,1
"107",0.370643057394773,-21.2035437317927,1
"108",3.6624184739776,-25.6585554398046,1
"109",4.10965384915471,-4.41062662343887,1
"110",1.54669487616047,-27.2185775195456,1
"111",6.21731508756056,21.1565929706208,1
"112",4.56075740046799,-22.5562519665514,1
"113",9.76770128589123,71.0977883310571,1
"114",6.8959212792106,39.1900477684937,1
"115",9.82481262879446,88.803123703191,1
"116",0.64087915699929,-5.22998958108673,1
"117",7.0361591479741,39.4058364482931,1
"118",3.22841258952394,-38.1828448163044,1
"119",8.05493367370218,64.5469753805883,1
"120",2.08112918771803,-10.7632255985058,1
"121",2.73922132560983,-23.2434849679623,1
"122",3.93521130084991,-18.4241752643938,1
"123",4.20934774680063,-6.10125423679302,1
"124",7.88667027838528,38.7631249681065,1
"125",1.09822871629149,-42.2581917324411,1
"126",3.4869955573231,-0.541352869554482,1
"127",8.14935856033117,55.7097309149295,1
"128",4.36247838195413,-18.3860143327929,1
"129",9.24244218040258,37.856437083629,1
"130",8.67439568508416,38.8541164427221,1
"131",6.30133966216817,26.6608297084261,1
"132",3.05642857216299,6.69421716851601,1
"133",1.50214115856215,-41.2973615982255,1
"134",7.27397988783196,38.0144671177507,1
"135",4.1502780164592,9.26270798817546,1
"136",0.771238149609417,-14.6398376965317,1
"137",6.07699927408248,5.59755991095683,1
"138",9.16825469816104,52.1257714221238,1
"139",8.41645570006222,63.7771263352389,1
"140",6.62998744519427,33.7072042916283,1
"141",3.85033970931545,-29.1274123937614,1
"142",3.63167150178924,-14.7696623269177,1
"143",6.50778866373003,19.7314534640907,1
"144",5.03583098063245,21.5452022112815,1
"145",8.87028022203594,39.7850285440211,1
"146",6.4083702955395,12.8044179922862,1
"147",3.79601725144312,-26.403579105679,1
"148",5.30251384479925,27.0807268277378,1
"149",5.26344043202698,27.3906491299351,1
"150",5.23531264159828,-20.8414473575798,1
"151",2.28664990514517,-2.60927957695758,1
"152",7.03072301810607,6.02810413160594,1
"153",4.56109048100188,7.64480161602834,1
"154",8.88086520135403,40.1472865662993,1
"155",8.52467600256205,38.7445518564203,1
"156",9.74029660457745,87.5443060499236,1
"157",1.14778459537774,-39.868335851744,1
"158",0.741863334551454,-25.0959856701772,1
"159",0.433116254862398,-15.9553433687921,1
"160",0.910225759726018,-3.56831920461591,1
"161",7.45646814582869,30.6029448888549,1
"162",7.61096016736701,54.933887363677,1
"163",7.17739198822528,34.0095122141013,1
"164",6.24366591917351,10.931829931582,1
"165",7.28655795101076,15.2898832941744,1
"166",9.97844593599439,67.9729119282964,1
"167",7.20408710185438,41.3164370158265,1
"168",6.92151463590562,32.7743358537565,1
"169",3.48519478924572,-30.5363197144583,1
"170",5.35415044054389,-3.71719433832455,1
"171",1.47872979519889,-10.0584536208704,1
"172",5.36346763605252,23.1437785417009,1
"173",3.60061265062541,-35.0259988960073,1
"174",4.18041849974543,-12.7610618234615,1
"175",6.02538834325969,21.9637735286649,1
"176",0.756484353914857,-48.2011858779408,1
"177",5.79545709537342,21.1971026742877,1
"178",9.50622794451192,82.3212606008524,1
"179",8.22545583359897,64.3204409450913,1
"180",3.01225046860054,-20.6664807049464,1
"181",0.510706782806665,-16.7286936285843,1
"182",7.58753088768572,18.3845057066618,1
"183",0.154895880259573,-11.4271502111398,1
"184",7.54056187812239,54.3266473951465,1
"185",6.65872276993468,-1.55416574757685,1
"186",3.28361864434555,-21.8882094719596,1
"187",0.859052629675716,-28.4214448727069,1
"188",0.188539705704898,-7.20405952305116,1
"189",1.47462543798611,-38.9589359826153,1
"190",5.60471422038972,-6.34715144190669,1
"191",3.27494962606579,-7.7494589160805,1
"192",9.77317815413699,67.5780252834461,1
"193",3.24621329084039,-36.5150419757119,1
"194",5.07675143424422,-8.75967933822742,1
"195",3.512463781517,-0.625218248613168,1
"196",7.12638110620901,7.03492416393806,1
"197",7.37737580901012,32.2836298149329,1
"198",2.23347376100719,-36.244821022088,1
"199",2.86263222340494,5.33821118188767,1
"200",9.53886634670198,71.2151986973194,1
"201",3.37524313712493,-27.3379951353651,1
"202",9.35066564939916,52.2950496432589,1
"203",6.91702070180327,30.2942507359876,1
"204",2.66554063884541,-5.51206357575861,1
"205",1.7091818805784,-23.1389916939495,1
"206",0.934048155322671,-17.621142789598,1
"207",2.87729103351012,-40.1133047404995,1
"208",5.79694834770635,6.43716116244764,1
"209",0.670379484072328,-24.4199756496269,1
"210",7.44646293809637,36.391351106173,1
"211",1.11083312192932,-27.6931267789794,1
"212",1.91705686738715,-1.23591383100502,1
"213",5.73330452200025,12.057541038568,1
"214",3.02243995945901,8.83165981025183,1
"215",6.73287114361301,-0.59660614826322,1
"216",3.91797273652628,8.95814115437449,1
"217",3.93725144211203,4.49770793291914,1
"218",7.81688993563876,41.9460011912422,1
"219",1.09009547159076,-19.3729653286817,1
"220",4.02191942092031,-11.7206849580771,1
"221",7.35906881047413,38.5306968407762,1
"222",0.667678783647716,-0.53424941936876,1
"223",4.87351297866553,-2.51032572980713,1
"224",9.71287194639444,77.4858651737737,1
"225",2.21048544393852,-6.12715650779651,1
"226",3.20121501805261,-38.0106955968108,1
"227",8.2648395258002,65.6372597725834,1
"228",2.20722831552848,-29.3802305159267,1
"229",9.36875005252659,75.8933548511332,1
"230",5.89648344554007,-13.2286192508246,1
"231",5.30488570220768,16.0592885423915,1
"232",7.85190880298615,32.380111006805,1
"233",5.04261126276106,0.677715220207052,1
"234",2.20587017247453,-28.993494916401,1
"235",4.22694370616227,-29.9206164737234,1
"236",2.40783815970644,-35.5216086111354,1
"237",4.21166138956323,-23.7044221664311,1
"238",0.292306880000979,-26.7722367585837,1
"239",3.93700657878071,-7.52485300666372,1
"240",1.28706187941134,-11.2791822190263,1
"241",2.7898835670203,-42.0739960591701,1
"242",2.82119035953656,-21.0366994789176,1
"243",1.90302098635584,-38.0731103408962,1
"244",5.26158789172769,-20.9713094660729,1
"245",6.55911336420104,21.0615283586148,1
"246",1.13815712509677,-29.3463693035221,1
"247",3.62764819758013,-25.7407020826608,1
"248",0.243692081421614,-48.1474581523687,1
"249",0.264434237033129,-46.6723765389983,1
"250",7.12061282712966,39.6542663954811,1
"251",2.95493874000385,-33.4139373174953,1
"252",2.80867486959323,-23.0012958319647,1
"253",7.93998588807881,30.4530211450415,1
"254",0.428169090300798,-23.2363672179428,1
"255",2.36450943164527,-24.2445605351018,1
"256",1.51703668059781,-26.8591053826375,1
"257",8.32811081781983,45.6537272313991,1
"258",4.83761300100014,-4.8247316617208,1
"259",1.54705227585509,-43.1162577067352,1
"260",6.77055470179766,35.1305808642641,1
"261",1.06742464005947,-36.8501028702852,1
"262",5.25067165261135,26.7831092482744,1
"263",3.72488237218931,6.41143219530733,1
"264",5.58694745413959,-15.322087228642,1
"265",1.10106352018192,-19.8042565114398,1
"266",3.57085047289729,-35.1021409137693,1
"267",9.66495171422139,46.0332345015649,1
"268",4.6253089257516,13.4678261625559,1
"269",6.88289635581896,-0.864453691949578,1
"270",3.25264859013259,3.02866698366662,1
"271",4.25996406935155,-25.0012059831397,1
"272",5.00687632709742,18.1031880045063,1
"273",2.68331976607442,4.23704940075663,1
"274",7.68955975305289,51.6733773006717,1
"275",1.18558675283566,-24.7991259024616,1
"276",9.51297163497657,50.0952100175038,1
"277",4.04339245054871,-24.8457470330443,1
"278",1.21202067937702,-35.585587801295,1
"279",1.97367683285847,-40.3381777489452,1
"280",6.974066789262,9.4786422132633,1
"281",6.45121227484196,35.5808156370391,1
"282",8.96683101775125,45.2240353629602,1
"283",0.976932698395103,-39.7553155692689,1
"284",7.89653684711084,37.7889589467134,1
"285",1.20172160211951,-0.0819925391876399,1
"286",9.70608425559476,51.8389682032105,1
"287",1.8302081618458,-9.80038469877738,1
"288",7.3566800984554,14.7322355956394,1
"289",2.96583993593231,-21.5735503457978,1
"290",9.10254284273833,73.5440968567761,1
"291",1.25285444315523,-25.8376899420445,1
"292",7.31137798633426,31.9998145756538,1
"293",9.97656824765727,91.7145789575264,1
"294",1.8532871385105,-10.2022103632888,1
"295",7.1545710763894,17.6956608890235,1
"296",2.28908555349335,-17.3993370596433,1
"297",5.10410755872726,-23.4514396046534,1
"298",8.44785357592627,46.5338134816521,1
"299",2.14195856824517,-12.5243627450689,1
"300",0.634485648479313,-12.2306618750943,1
"301",8.46761071123183,69.5350042493727,1
"302",3.91482235863805,-1.50410728713024,1
"303",0.0740366661921144,-1.34264605498377,1
"304",3.77526730298996,-34.6129592241907,1
"305",6.89704476390034,-0.741366109066874,1
"306",0.874443945940584,-29.2801855470782,1
"307",2.64192467089742,-11.5568754471151,1
"308",8.75093913637102,42.4096704200057,1
"309",5.265047037974,-21.7544067273984,1
"310",2.00110141420737,-28.2894338140539,1
"311",0.208610980771482,-22.336762314279,1
"312",7.68542358186096,44.3273011726104,1
"313",9.15647632209584,67.4793073228492,1
"314",1.0951312398538,-43.8616771657742,1
"315",9.51893244637176,61.9927290392691,1
"316",9.03834593947977,47.1968529982206,1
"317",7.60251891799271,47.1257804213985,1
"318",4.73725148709491,3.65856343804892,1
"319",2.59208963718265,-20.1716385722077,1
"320",1.93087345920503,-0.425346634468711,1
"321",5.02861993154511,13.8690568762321,1
"322",1.40324160223827,-9.7692845172034,1
"323",4.46503488812596,5.17218975283442,1
"324",5.72922514518723,-5.30506735535807,1
"325",1.14484226098284,-9.78751611711289,1
"326",5.57821202790365,2.23144881007424,1
"327",9.88270881120116,73.600106470459,1
"328",7.07308993907645,47.0046643608086,1
"329",6.08496278058738,-12.5107459972808,1
"330",4.56651519751176,-25.5812305544034,1
"331",8.007533387281,39.0551446875691,1
"332",9.46658443892375,55.2851707966274,1
"333",2.19471828779206,-8.00271209100126,1
"334",6.28703627502546,17.6008505677067,1
"335",4.5590741513297,-0.177921945899222,1
"336",7.1221931418404,35.9411599782055,1
"337",5.81473173573613,0.536434386788123,1
"338",5.93788608210161,-2.05309874518886,1
"339",8.15506272716448,31.2042657727452,1
"340",6.97495718253776,21.9835430182084,1
"341",7.22626561531797,46.2830948187834,1
"342",0.73940617730841,-29.8647918060364,1
"343",6.2513675680384,33.6012420087656,1
"344",6.75284893717617,-0.075040984466348,1
"345",4.69438650179654,8.71398606608379,1
"346",9.53740505268797,59.5881202136653,1
"347",0.51467839628458,-10.1757371962205,1
"348",4.61626968113706,13.5721071058244,1
"349",5.1511366548948,6.35024450762908,1
"350",0.406011939048767,-27.8633040219059,1
"351",9.41415572306141,54.7689324082561,1
"352",3.21245390921831,-13.4073958010962,1
"353",2.62006667908281,-18.9657511118722,1
"354",0.413783909752965,-12.2765927231013,1
"355",8.27172962250188,57.2631087767892,1
"356",5.79551614355296,33.1843428878912,1
"357",7.51256824238226,51.6642393162734,1
"358",5.75944587821141,8.36058755586954,1
"359",4.36267870943993,-20.5472921342522,1
"360",5.51233984529972,-17.2181136770351,1
"361",8.90632887138054,31.8445188252005,1
"362",5.97137518459931,22.5223039077936,1
"363",9.23689420334995,44.3150998483804,1
"364",4.89750191103667,5.98345721782234,1
"365",9.46230774046853,57.9711155345775,1
"366",0.687704659067094,-29.8039602589803,1
"367",3.94885037094355,6.46792692611704,1
"368",6.7375941760838,20.1914403076872,1
"369",1.92478784127161,2.10921977473939,1
"370",1.84433829039335,-12.5240630418001,1
"371",0.221884353086352,-35.0998485598281,1
"372",1.16982886102051,-24.2234572134216,1
"373",3.59907692531124,-9.40955492634341,1
"374",3.11400186270475,-10.6489192193718,1
"375",5.77064741868526,25.0637920919902,1
"376",1.50134308263659,1.17352379056784,1
"377",0.615217124577612,-37.6327487673032,1
"378",5.93988081905991,24.9464044423449,1
"379",0.842019256670028,-4.39132487544992,1
"380",2.70274407463148,-23.17250280943,1
"381",3.48759486805648,-17.6903420093203,1
"382",1.15965263918042,-11.9046383081164,1
"383",6.74897809047252,16.2904260892492,1
"384",0.967788952402771,-18.1571453334448,1
"385",7.12995566660538,16.3304982904855,1
"386",1.66802868479863,-41.5541686490673,1
"387",5.36731511121616,-19.1333481304817,1
"388",0.443370258435607,-22.5288169259927,1
"389",3.24981246609241,-2.17511809266881,1
"390",8.2046953169629,20.8184175863431,1
"391",2.20593718579039,-33.9303646716966,1
"392",1.05417361948639,-30.5048557620907,1
"393",4.99418258666992,-3.21405164395401,1
"394",7.03912301221862,38.9453807580886,1
"395",7.81368569936603,16.5471445363298,1
"396",4.32824088493362,-18.9442122895874,1
"397",4.37976408516988,5.01302881009352,1
"398",3.22385272476822,-27.1768942477066,1
"399",3.56296896934509,10.8267491708048,1
"400",8.60037899576128,40.5929468220006,1
"401",1.01174719166011,-39.1032180761673,1
"402",0.771928802132607,-41.5445558803453,1
"403",8.1895664613694,61.5149818313397,1
"404",7.8255143808201,25.2555552098796,1
"405",5.049949567765,-23.4918857881138,1
"406",9.36100160237402,67.8935377849035,1
"407",9.48223420418799,57.0835539904921,1
"408",7.13134590070695,19.6781435420948,1
"409",2.95745374169201,-39.0943947440265,1
"410",4.81959410011768,-10.4052875084743,1
"411",8.52891193004325,23.9145994642445,1
"412",9.00352408178151,59.4816230130041,1
"413",1.26438956242055,-35.0032151295316,1
"414",0.974417217075825,-11.3431402065406,1
"415",6.72896300675347,23.2680646610949,1
"416",7.48608705820516,33.0811765572527,1
"417",3.04797724587843,-38.5571701915549,1
"418",3.66274715866894,-1.75863731733793,1
"419",8.49885174771771,45.6646294907766,1
"420",4.69318343792111,7.24221840995426,1
"421",7.97642902471125,58.377297443953,1
"422",6.32322739809752,22.1445852649053,1
"423",3.25150557095185,-25.40150286942,1
"424",5.6313276453875,-7.56961768397397,1
"425",0.345460548996925,-17.0056445889689,1
"426",2.3379783006385,-22.6569592557135,1
"427",4.93450050707906,13.1734511461434,1
"428",5.68790872814134,3.67255981086326,1
"429",4.69405004056171,-14.8260749792991,1
"430",5.05069491453469,-23.3350996263729,1
"431",1.5146808908321,-17.7193873231072,1
"432",2.1745390468277,-29.9497195194836,1
"433",5.23400920908898,3.91204864492278,1
"434",6.18252121144906,9.80721420441755,1
"435",5.95789624145254,20.4415906957054,1
"436",4.83083833009005,-20.1540206630628,1
"437",5.79685847042128,-1.70309438126022,1
"438",5.20837569609284,16.1464652931155,1
"439",0.100212725810707,-8.22852860498312,1
"440",9.19476719107479,48.3061073032666,1
"441",4.05925315571949,-28.6843061863245,1
"442",6.40998989110813,13.5289710351874,1
"443",2.81198111828417,5.65252888339325,1
"444",3.81799949100241,10.9202006730401,1
"445",2.87446126108989,0.530639133199502,1
"446",8.9564661309123,42.8870474212777,1
"447",6.20417238445953,19.2066661403404,1
"448",1.34190137963742,-6.84952259579222,1
"449",6.60567823564634,7.21495000974321,1
"450",4.60824799258262,-14.4403250621144,1
"451",9.21107821865007,76.8752657083571,1
"452",1.74662173027173,-33.5244202501605,1
"453",3.40758128091693,-11.8681878426558,1
"454",2.96518499497324,0.108499913385526,1
"455",0.0164666213095188,-30.9217119173289,1
"456",4.92888966808096,4.4134829012314,1
"457",3.4799691895023,-36.1996124782137,1
"458",8.47021372290328,24.2529589717223,1
"459",1.6498040757142,-8.87617180903721,1
"460",2.46991490712389,-15.0964949210331,1
"461",2.99913500901312,-31.5129711223918,1
"462",2.04087309073657,-35.5772712036581,1
"463",3.21995734469965,-19.7043058831319,1
"464",6.64427189389244,42.533465624477,1
"465",7.97411575447768,52.2594715559465,1
"466",5.32363301375881,-2.32431650123173,1
"467",0.600834712386131,-8.06079015742615,1
"468",2.86836475832388,1.80346898468817,1
"469",2.07354965154082,-19.5556496335963,1
"470",3.77737878123298,10.778832347701,1
"471",1.62476252531633,-7.25433892018363,1
"472",8.77825514879078,34.9685306665223,1
"473",4.07252427889034,-26.3147400043551,1
"474",8.41514071915299,70.3272565273696,1
"475",7.66553747700527,30.1283467706766,1
"476",8.38096705963835,55.0960259121493,1
"477",5.58505924418569,-16.2485330466644,1
"478",5.95946625573561,3.3514775681238,1
"479",4.21220042044297,-15.3530437556202,1
"480",9.98174356063828,75.4441203787453,1
"481",9.38037919346243,55.5421714677897,1
"482",6.12015358405188,31.7480448325182,1
"483",2.1272213361226,-0.977680717058506,1
"484",7.09368530893698,13.4785357615559,1
"485",5.79634782625362,-14.9661238863049,1
"486",1.09531416324899,-31.2463314857519,1
"487",2.49716803431511,4.92684258980793,1
"488",5.67508300533518,23.744019129279,1
"489",8.81092632887885,76.7631417883053,1
"490",8.7455118005164,74.9974173825561,1
"491",0.466156972106546,-34.1718039081667,1
"492",5.00716194044799,-3.47990172369481,1
"493",0.371163352392614,-35.992525322284,1
"494",0.725768362171948,-30.8288914380351,1
"495",8.08248965302482,52.2886425082179,1
"496",8.80712143145502,57.8872403055679,1
"497",8.97209045477211,68.9051733462805,1
"498",8.1741919904016,35.3323485055836,1
"499",5.98308729473501,9.28759503753965,1
"500",5.30756715219468,20.8108780316276,1
"501",1.84368884656578,18.5433583824923,2
"502",0.227065004874021,4.48827047178833,2
"503",1.54993570875376,13.1358851206286,2
"504",0.229075332172215,25.3150903829104,2
"505",7.39114479161799,62.272012053914,2
"506",6.50209822226316,48.7989776331817,2
"507",9.80381746310741,102.383373102831,2
"508",4.96679657371715,26.4260645634332,2
"509",7.45610097656026,56.4332611126983,2
"510",1.62361283786595,41.7749849097935,2
"511",6.60978044150397,48.2559945401925,2
"512",0.0340572977438569,13.8014272857798,2
"513",9.70148718217388,128.680550776558,2
"514",3.01080144243315,56.3793411047223,2
"515",1.51084904326126,5.59104842811884,2
"516",1.97306954767555,33.9677988802696,2
"517",9.89791516913101,98.2724114663899,2
"518",1.9150540442206,34.7365220350146,2
"519",3.56223176931962,30.9853272265203,2
"520",6.55818040017039,50.0478341365346,2
"521",7.04836258897558,95.1516161572329,2
"522",1.01366988848895,39.4530969734118,2
"523",5.93901024200022,49.8049600448213,2
"524",3.33647870225832,55.0538791104107,2
"525",2.49922964489087,24.0158481287852,2
"526",6.41544033540413,83.3828129798733,2
"527",4.78665627539158,55.5009424398894,2
"528",5.81771215889603,37.4897984946519,2
"529",0.182507988065481,6.40935955507952,2
"530",0.258175528142601,8.59687200082409,2
"531",0.471754430327564,7.91722314975542,2
"532",1.88224082812667,9.3134307031014,2
"533",2.77831795858219,31.3968572701297,2
"534",1.67143191210926,31.7596916925319,2
"535",9.73282912978902,127.311626447349,2
"536",8.43552724691108,97.0403773264748,2
"537",9.07206470146775,119.721929849754,2
"538",2.43845717748627,29.1253366903986,2
"539",2.68201409839094,36.3011961543329,2
"540",3.23719928739592,35.8441241567013,2
"541",9.39696432091296,116.004340019323,2
"542",4.59584052441642,48.1845892790909,2
"543",4.0442810440436,40.1729284535451,2
"544",7.19487961381674,56.9287062735147,2
"545",1.09716441016644,16.8435589824393,2
"546",9.73156641237438,99.7751385792294,2
"547",4.39433134393767,25.9309298406508,2
"548",8.22251284494996,71.9534135752942,2
"549",3.56956750387326,37.4285964153697,2
"550",7.37878274638206,90.1481725341682,2
"551",0.219061370007694,21.7560665778938,2
"552",3.31172534963116,41.1111282760016,2
"553",4.98999455710873,33.880686064809,2
"554",9.54915544018149,120.394809488691,2
"555",6.1006860807538,80.0267022982031,2
"556",0.648112830240279,28.7013839689498,2
"557",5.50229082349688,40.4873290624097,2
"558",2.68536383518949,16.5303835199553,2
"559",6.97850463213399,57.9052324335197,2
"560",4.01676720008254,21.9579770874243,2
"561",4.26588954403996,18.516639545345,2
"562",8.86929251486436,114.001707135169,2
"563",6.86487184138969,61.5084975756504,2
"564",1.86055487254634,32.5686467421959,2
"565",1.94546184735373,39.6328762755913,2
"566",8.90717590693384,93.2478179720559,2
"567",8.89104098780081,128.143890893707,2
"568",0.424581151455641,50.0872308904407,2
"569",6.71657949220389,66.5989552310873,2
"570",6.49709890829399,87.6997461616703,2
"571",2.86710386164486,12.2951513670664,2
"572",7.35932144336402,83.5890217480644,2
"573",7.93261065846309,109.885756704323,2
"574",0.961035368964076,35.2406385857062,2
"575",6.62825071252882,50.5183069942254,2
"576",1.7308465950191,38.727200473031,2
"577",7.44875405682251,67.3625136060075,2
"578",0.98526953253895,39.9452505620798,2
"579",4.37872167909518,34.8284973824961,2
"580",0.912388490978628,4.95553610918456,2
"581",1.25445978250355,2.13399816431085,2
"582",0.252068089321256,9.35193260981398,2
"583",9.94856506818905,109.04164131736,2
"584",3.59697726322338,41.4348470276893,2
"585",0.699301899876446,37.4741226374371,2
"586",7.34946026699618,79.5616559232618,2
"587",7.62774786213413,60.016813464162,2
"588",1.35400149738416,36.069561920356,2
"589",0.997177106328309,28.334886696988,2
"590",0.865986766293645,43.9335676259811,2
"591",7.59878085227683,90.3795626751941,2
"592",9.55931106815115,125.67787095299,2
"593",4.19888754142448,46.3249800824228,2
"594",9.24072768073529,123.894251878303,2
"595",4.36071309959516,32.8155346405685,2
"596",1.51891933986917,25.6364720875159,2
"597",5.89046214241534,78.577858328479,2
"598",5.11101047508419,70.3139749542664,2
"599",2.82057867152616,10.4391210897606,2
"600",7.95284944353625,96.0486342990329,2
"601",2.48188863508403,40.6012552189135,2
"602",3.61748163355514,48.0051165097645,2
"603",9.67214653035626,143.439629116264,2
"604",9.70267599448562,99.1935542848406,2
"605",3.70319528738037,51.3382976126813,2
"606",2.74626661324874,50.5975512631733,2
"607",7.52334316261113,101.499486957118,2
"608",3.11826714547351,18.8460550990608,2
"609",3.34169467212632,26.8336646472843,2
"610",6.32082190131769,74.687611409834,2
"611",2.42024708306417,43.1080491185918,2
"612",9.80022415984422,131.006721687497,2
"613",4.97553064022213,43.1734679871734,2
"614",3.64671640330926,40.2131252792683,2
"615",0.309958693105727,19.1566954644357,2
"616",9.51240263879299,114.514479197392,2
"617",2.01004555216059,15.9608025859442,2
"618",7.00198559788987,94.1065189264095,2
"619",5.01959756249562,30.1498239148122,2
"620",8.23904798133299,82.7935567773434,2
"621",5.16763533232734,39.2032342550608,2
"622",4.98051884351298,45.3883054332064,2
"623",4.1491708275862,63.3894275130112,2
"624",7.18303012195975,66.5789106628227,2
"625",5.60453818878159,62.0190797557513,2
"626",6.1083187838085,46.5489032070319,2
"627",3.70351679623127,20.2807790332697,2
"628",9.54395998036489,139.242088593044,2
"629",8.5965497745201,102.934963901846,2
"630",6.58730995375663,91.4505625516325,2
"631",3.87673540972173,39.5903404059179,2
"632",4.96639728778973,72.5346433415807,2
"633",9.11961099132895,103.08406406453,2
"634",1.32732384372503,36.9352902308702,2
"635",9.76835234789178,111.864618857213,2
"636",9.46026257006451,138.966750065189,2
"637",8.56452508596703,96.253835212741,2
"638",7.2056771046482,67.3018330694368,2
"639",6.9858230301179,62.0331927380378,2
"640",7.47218368342146,87.0379616436713,2
"641",6.75300100818276,64.8741532668217,2
"642",1.03716209763661,1.96577504421137,2
"643",4.91168169304729,36.4482272939437,2
"644",0.745510514825583,14.6520994680736,2
"645",5.18198743928224,38.6439434160397,2
"646",8.59341726871207,89.632366244884,2
"647",3.17392259137705,21.5212531790366,2
"648",1.87496624421328,42.8439406514852,2
"649",5.120383517351,35.7036210334546,2
"650",3.63646073034033,42.3986571282904,2
"651",0.751912209670991,46.6899488530459,2
"652",8.0462748138234,94.3424430094364,2
"653",0.966915467288345,17.251070818487,2
"654",9.70249698031694,136.856188221392,2
"655",3.07008072501048,39.8851368700429,2
"656",4.97445739805698,72.3762220335078,2
"657",0.708948716055602,4.7782034226403,2
"658",0.586720537394285,8.07099025456671,2
"659",6.56154243974015,80.9409922761606,2
"660",6.58883903408423,50.6377345398346,2
"661",7.10563227534294,87.4097708644927,2
"662",2.97260295134038,38.9733239871088,2
"663",0.245588272809982,30.1839587484475,2
"664",9.26560057792813,134.753668575242,2
"665",0.780506392475218,13.4909775013305,2
"666",4.74250392988324,52.1346231183959,2
"667",1.14841827889904,19.1577278034221,2
"668",3.10283311875537,56.9115978743091,2
"669",2.71407672436908,13.7763264206786,2
"670",1.11051512183622,25.9996408580034,2
"671",1.91440040245652,49.2120713744408,2
"672",4.06832674518228,20.2652534745309,2
"673",7.81850316328928,108.915411145578,2
"674",9.64117362862453,95.604197582217,2
"675",1.51030884124339,19.0528772211766,2
"676",6.73341613495722,54.9443827039971,2
"677",8.50243697408587,92.6662857646903,2
"678",4.41104121273383,64.6456421799816,2
"679",3.07757111964747,39.4360567468247,2
"680",8.68759884033352,119.065483751115,2
"681",7.80166678596288,72.4239598641947,2
"682",6.17918162839487,54.1199858007783,2
"683",9.36849027639255,102.09117061882,2
"684",2.10461755981669,35.440526001464,2
"685",5.43747024144977,47.6719013886302,2
"686",5.9907989250496,55.9409480716538,2
"687",6.34317142888904,76.8866761929162,2
"688",5.19074724987149,52.7207233931051,2
"689",1.79890878964216,8.18033812966886,2
"690",4.53644994646311,68.0808875671412,2
"691",7.83483955543488,69.2635331688378,2
"692",3.85372672462836,52.0318873879947,2
"693",6.63622689200565,87.7080374053936,2
"694",9.52537181554362,109.588832722769,2
"695",0.81398639595136,15.6228162066393,2
"696",0.729055737610906,45.4785853998013,2
"697",3.8516202243045,27.9723550216001,2
"698",3.25658716727048,45.126725621044,2
"699",5.6226412858814,56.1887929204826,2
"700",5.00023097964004,73.5166304812635,2
"701",5.03200320992619,74.9975813620009,2
"702",0.41938730282709,10.2920378957193,2
"703",7.04171096440405,76.7995542962221,2
"704",5.59046308742836,45.2043241570513,2
"705",1.4632407319732,18.5636813174629,2
"706",7.70462159533054,76.6928961079061,2
"707",3.26877149520442,41.6768783131776,2
"708",6.01951777935028,60.2169292477843,2
"709",8.77221488626674,117.665219306106,2
"710",1.19737328961492,44.1947084654468,2
"711",4.5685960049741,59.1834987318651,2
"712",2.43625490926206,21.1887763993063,2
"713",0.177364808041602,31.6694533715208,2
"714",1.9760381267406,14.1828924960589,2
"715",8.25050340266898,108.145214475087,2
"716",1.51765903923661,23.724431964513,2
"717",7.89355044718832,71.980000410518,2
"718",0.320770628750324,18.5259652882666,2
"719",9.03233844321221,83.7424242876085,2
"720",2.14120273478329,23.2595908608784,2
"721",5.57727862382308,69.9875262727201,2
"722",2.05180065939203,25.9320133150209,2
"723",3.05371116613969,22.8000444084146,2
"724",9.80187553912401,111.856618907382,2
"725",1.55870534479618,5.0366641359839,2
"726",8.44403622904792,82.5892403511305,2
"727",9.94938326301053,129.333962997983,2
"728",2.76349473046139,33.2027167118694,2
"729",6.48122746963054,60.2241722132056,2
"730",7.49858826398849,85.3700520610119,2
"731",9.88326932769269,98.22590934078,2
"732",6.39639080502093,75.3160437800276,2
"733",4.82545904116705,43.1943003623957,2
"734",6.60286568803713,90.3171523276793,2
"735",2.9037235560827,57.0324162505108,2
"736",4.52758155297488,37.5315241558216,2
"737",2.62191319139674,56.7751304718228,2
"738",9.10110372584313,117.108853429653,2
"739",0.267036114819348,6.82830552313414,2
"740",9.94218301959336,140.681918123858,2
"741",9.41237583057955,88.8337887599389,2
"742",9.13628510432318,108.945770421056,2
"743",3.51945896400139,62.3241863606647,2
"744",1.50824832497165,48.648074311558,2
"745",6.70628532068804,59.2759935647117,2
"746",7.09012427134439,51.3221921866925,2
"747",4.59135921206325,52.5077950243632,2
"748",5.60392807703465,67.305461678626,2
"749",5.28906461084262,50.2878249453614,2
"750",4.28939973702654,64.236581995485,2
"751",7.23628793144599,52.5744365859521,2
"752",9.2218074714765,111.743468687909,2
"753",1.87419274821877,42.020881885858,2
"754",0.784719421062618,45.2598327627968,2
"755",7.48659244505689,56.6775656361565,2
"756",2.67039237078279,50.92530876649,2
"757",6.91448725527152,81.9704225663105,2
"758",6.04177294531837,83.9205574457459,2
"759",8.88312566326931,79.0083367341999,2
"760",9.59076846251264,109.921337969431,2
"761",8.82988168625161,87.3913753943581,2
"762",5.01192755298689,37.3028835700946,2
"763",7.90916505036876,95.9393468010099,2
"764",9.68486207304522,108.367574859518,2
"765",1.6720894840546,21.7102970440804,2
"766",4.88855558214709,29.3240176828329,2
"767",8.29317295458168,80.2608450764684,2
"768",0.870785885490477,19.0977948513576,2
"769",4.91250578546897,31.883992544616,2
"770",1.27494997577742,47.7758742514271,2
"771",5.40962134720758,58.9504623788283,2
"772",2.9906448838301,48.3344231019264,2
"773",1.75048402044922,17.9730244754364,2
"774",0.832232814282179,19.9585722427283,2
"775",0.477136455010623,31.9238868435986,2
"776",1.64564505685121,4.90066213602442,2
"777",3.38040872244164,56.5494299476662,2
"778",9.99948404962197,108.258730637222,2
"779",2.54551112186164,20.497490571222,2
"780",9.13228070130572,86.0134314167669,2
"781",3.74150362564251,57.074859266104,2
"782",8.37043260224164,87.3932060300927,2
"783",0.356131109874696,14.0224788187174,2
"784",4.71730331890285,45.9353580319737,2
"785",4.07737472560257,21.0437647604994,2
"786",2.28023213567212,28.8373205722115,2
"787",5.54912510095164,44.7068077781088,2
"788",5.75928694801405,63.2577673277764,2
"789",4.92703028023243,44.7165358106088,2
"790",6.93570211762562,77.2251037312022,2
"791",1.96275418158621,28.5263959419984,2
"792",2.28796373587102,30.181432470022,2
"793",4.80788061628118,29.1859836274046,2
"794",5.69680131739005,72.892454379988,2
"795",1.85636924346909,43.9818076131645,2
"796",4.5091766724363,37.8713166459586,2
"797",0.763119938783348,17.6651062492094,2
"798",7.19602024182677,87.285557224204,2
"799",0.394775799941272,27.7193056121541,2
"800",7.06365185324103,61.8916981636817,2
"801",3.73023697175086,36.8588706750116,2
"802",6.67512229178101,69.1246067372599,2
"803",1.72579295001924,33.0590519137647,2
"804",9.67427242780104,131.202491426014,2
"805",3.91170889139175,60.1676611899998,2
"806",2.99213182879612,13.6316676459607,2
"807",6.65040376130491,84.1974823690996,2
"808",1.16119974059984,21.5515849831937,2
"809",5.32149506732821,32.3069009606525,2
"810",5.42904254281893,51.5795437520534,2
"811",1.9183371658437,5.39511459257571,2
"812",6.09272906556726,43.9117647129286,2
"813",6.52181245619431,84.2833400116019,2
"814",3.68640152737498,13.7763510426712,2
"815",9.74253519205377,120.823169182753,2
"816",5.52687351126224,34.3999511770825,2
"817",6.72108174767345,77.2498492286983,2
"818",0.759158520959318,45.0916103276985,2
"819",1.72218057559803,52.4339830604606,2
"820",2.8594231698662,28.7403295200122,2
"821",2.02395529486239,24.9736643534631,2
"822",8.18474088562652,92.8391716004348,2
"823",6.75032543484122,47.6819836210624,2
"824",4.48819291777909,22.6017074089787,2
"825",3.91677571926266,37.2065952685584,2
"826",3.39749641250819,33.915824802332,2
"827",4.48068203637376,43.8474873099167,2
"828",3.48642246797681,51.8829385653465,2
"829",0.259663932956755,30.5259354430876,2
"830",1.92161310464144,17.3275658338303,2
"831",5.25371842086315,50.1283159221116,2
"832",7.77478009229526,106.274467435768,2
"833",6.22108183102682,77.1408149242598,2
"834",4.4298210600391,39.3259614238172,2
"835",9.2807564442046,115.439109756464,2
"836",3.75399979297072,42.9677956533533,2
"837",6.98753606295213,82.8553933994835,2
"838",2.77921592118219,25.7685076036611,2
"839",2.72337712347507,21.4708135208154,2
"840",5.49045246560127,35.3298480239506,2
"841",5.2491901232861,74.7798327533692,2
"842",5.67770505556837,50.1770350665167,2
"843",7.44152068393305,91.0189179493484,2
"844",6.27848876640201,64.3856512353746,2
"845",1.4697896852158,28.1700548092485,2
"846",9.57287475932389,96.1696008173784,2
"847",3.17231947556138,45.8000942138041,2
"848",2.93768732110038,35.1201399125757,2
"849",3.97640059934929,34.404724547054,2
"850",9.59522989578545,103.823329938546,2
"851",9.32968920096755,126.261068301299,2
"852",1.70620570657775,16.8425190451465,2
"853",7.35308229923248,58.3458717927503,2
"854",5.92948552686721,56.1705234020233,2
"855",8.83943910012022,98.712896109311,2
"856",2.16393942479044,40.2200149784029,2
"857",7.62791114160791,93.7184765416325,2
"858",3.55358876986429,44.6822279070503,2
"859",6.95823026588187,84.2983855263673,2
"860",2.53970299614593,12.6742341850863,2
"861",2.89605482015759,12.8873869384215,2
"862",3.47543160431087,33.8536729808702,2
"863",8.91694058664143,89.5535563883565,2
"864",2.75870091747493,44.1185183331006,2
"865",2.40684921620414,32.2424351413562,2
"866",2.90875582490116,46.5016858126107,2
"867",6.50536508532241,54.1957505724724,2
"868",1.93834429141134,51.1892156158744,2
"869",8.78736249636859,96.3626063396097,2
"870",6.06112664565444,61.6449358027305,2
"871",4.41338543081656,44.9058346496177,2
"872",8.46996799344197,93.4104120118994,2
"873",3.51366845425218,43.6869762461437,2
"874",3.59846491599455,46.9613284689507,2
"875",7.82473906641826,89.6204994426315,2
"876",7.77923913905397,94.5310038080417,2
"877",7.12466089054942,73.3478150488578,2
"878",0.100861897226423,12.1199553198248,2
"879",3.56187282595783,49.6794969816491,2
"880",2.78527874266729,48.1183503407497,2
"881",1.30780910840258,33.2734578047421,2
"882",6.64436662336811,87.6919261198808,2
"883",1.23972063185647,44.0321701356391,2
"884",8.69981654919684,107.903354138672,2
"885",3.19019854301587,10.6279687430428,2
"886",0.375380532350391,42.5835343027562,2
"887",1.57157863257453,7.43364990728329,2
"888",2.32730572577566,18.0541144453923,2
"889",9.32977500371635,96.3522115018803,2
"890",3.654030256439,35.0633056361815,2
"891",2.39371207077056,25.3943676775528,2
"892",4.45978651754558,40.6407025087225,2
"893",9.97724879300222,143.948184687153,2
"894",4.41593260038644,54.6640226378213,2
"895",0.82339299377054,38.6858724739356,2
"896",8.18673790665343,101.593429054415,2
"897",3.53799830656499,43.8323230817963,2
"898",6.55613802140579,48.9937498831587,2
"899",8.10341997537762,84.1247078451263,2
"900",9.51289124554023,121.92140346201,2
"901",0.826267022639513,40.8777905896004,2
"902",9.19687316287309,109.014399680991,2
"903",3.3029619907029,29.4368647960896,2
"904",1.18473943090066,11.7842897519205,2
"905",5.97444439772516,71.6745601126622,2
"906",2.09220241988078,31.171938833394,2
"907",8.81583942798898,124.574035773817,2
"908",6.1159426625818,41.9783902925423,2
"909",3.02662193076685,52.1952540977244,2
"910",9.74341595545411,134.295439887628,2
"911",0.282632815651596,44.845959254889,2
"912",7.91858555283397,64.8860332486588,2
"913",1.52882926631719,27.4244042452309,2
"914",8.97306961007416,105.326563793102,2
"915",5.1866047247313,69.5771737594024,2
"916",3.35202035028487,20.2413458674921,2
"917",2.74279690347612,31.2385231877347,2
"918",6.04291967349127,39.7733656657548,2
"919",7.98565468285233,74.470019063275,2
"920",0.679698006715626,27.1652415813018,2
"921",1.46504411706701,50.8068996420134,2
"922",3.24932617601007,33.2275030380305,2
"923",6.39206804335117,63.311979590852,2
"924",6.7953570256941,52.2477940317415,2
"925",2.85324227996171,26.3777710461443,2
"926",7.22561642061919,99.2277440627146,2
"927",7.25690314779058,74.9468352363926,2
"928",4.35231041628867,58.9834606736144,2
"929",8.82017792202532,111.015824323849,2
"930",5.36662764847279,65.9080611903192,2
"931",9.38204327132553,110.974664901924,2
"932",4.31348359212279,50.1532785499424,2
"933",9.89706644089893,106.625393287404,2
"934",0.189439465757459,42.9291884130536,2
"935",5.01128232339397,72.8314551780731,2
"936",2.26436239667237,46.5799720615954,2
"937",4.03125766199082,35.210468814476,2
"938",6.49086054647341,67.0216162365271,2
"939",3.48179734544829,50.5139170014303,2
"940",0.763590196147561,17.4593289448524,2
"941",8.09197859372944,73.886259799903,2
"942",8.36554878158495,91.5561926217582,2
"943",1.63025103509426,25.7626679424943,2
"944",7.00699297478423,61.1355684830776,2
"945",6.57455423148349,63.8816392361911,2
"946",0.395953629631549,0.336847283557418,2
"947",7.46430937899277,58.2015192525179,2
"948",7.41841671988368,58.6006632258711,2
"949",5.89834535727277,38.8560727991127,2
"950",1.41660282155499,14.5908619476007,2
"951",0.520242429338396,19.1407726342756,2
"952",1.2498912983574,18.9043338237678,2
"953",0.587721436750144,5.89521222656836,2
"954",5.95341891050339,64.7437552327788,2
"955",1.20995390927419,40.7394318767941,2
"956",9.03900077333674,108.372998833268,2
"957",5.77455839142203,37.4770563080526,2
"958",1.71968320151791,4.90529655501293,2
"959",9.80399607680738,136.396726877173,2
"960",4.5011207042262,43.1052257377618,2
"961",6.11520445905626,63.9263114913774,2
"962",4.03372769942507,31.2421070731141,2
"963",2.26902446243912,35.1666296045874,2
"964",2.2882857453078,28.2560199149266,2
"965",4.88963124575093,36.6024832640651,2
"966",9.51150079024956,135.46169076429,2
"967",6.55291658826172,85.6963599409079,2
"968",8.02246066275984,74.0057163096481,2
"969",3.82581958314404,57.4460720791157,2
"970",5.620326846838,49.8293265805217,2
"971",4.53752057394013,30.8356170223346,2
"972",4.27581110037863,43.0811188110685,2
"973",4.92921801749617,48.825418546006,2
"974",2.26307929726318,25.3890948860296,2
"975",0.782174982596189,49.962779676511,2
"976",3.87345983413979,63.9024477770176,2
"977",9.33971653226763,89.3973766777152,2
"978",4.91639802930877,54.9639031453616,2
"979",8.39979817392305,93.569625303892,2
"980",2.44193461723626,13.6951471476575,2
"981",2.46808614581823,55.1910778854048,2
"982",8.13889264129102,84.657698078601,2
"983",1.40849953517318,48.5061990468039,2
"984",1.50219390867278,38.697383829087,2
"985",5.8433320838958,66.5434656458983,2
"986",5.63851352781057,62.794564146855,2
"987",7.84217894542962,78.2213660983001,2
"988",9.53102097380906,105.661088904956,2
"989",4.86703822622076,37.3059021799818,2
"990",1.77112037781626,50.9334313714886,2
"991",5.68752598948777,34.4477267288373,2
"992",7.70124774193391,76.6302218504302,2
"993",3.20609522983432,38.2627929278744,2
"994",5.62004307284951,46.0967298904867,2
"995",2.33524966519326,23.8773933476962,2
"996",2.90982229169458,11.31866269791,2
"997",6.11218678764999,48.188917836385,2
"998",9.22065352788195,130.814390339211,2
"999",7.49834165675566,64.5255399196407,2
"1000",8.12741924775764,81.2580709752886,2
